person_id,id_number,id_type,first_name,middle_names,first_surname,second_surname,birth_date,sex
1,8483029790,Cédula,Freddie,,Maffione,Blabie,3/14/1946,Female
2,2262277729,Cédula,Jeanna,Angelica,Gatch,Boerder,1/15/1987,Female
3,1366003942,Cédula,Onofredo,,Cunningham,Stollwerck,2/25/1933,Male
4,0536824495,Cédula,Florrie,Heda,Mayow,Parfitt,6/28/1987,Female
5,2287938567,Cédula,Fae,,Esom,Treslove,3/5/1943,Female
6,7260941685,Cédula,Louisa,Jo-anne,Burbank,Pawelke,8/9/2005,Female
7,0536743827,Cédula,Gregorius,,Carbett,MacCaughen,1/28/2003,Male
8,1327544520,Cédula,Ellwood,,Stitt,Klaussen,8/1/1975,Male
9,8316700689,Cédula,Nancy,Jaquelyn,Mollen,McFarland,11/15/1942,Female
10,0165026251,Cédula,Kip,,Colegate,Eliff,5/17/1986,Male
11,6336991695,Cédula,Livia,,Daynter,Hodgets,1/6/2005,Female
12,9111173998,Cédula,Rosalynd,,Gockelen,Draijer,11/2/1960,Female
13,8793190603,Cédula,Micaela,Tressa,Vinker,Fish,10/6/1974,Female
14,9418538032,Cédula,Augustin,,Fellows,Peck,1/28/1955,Male
15,7351004617,Cédula,Kendrick,,Gioan,Humphries,10/18/1988,Male
16,4244363289,Cédula,Yvette,,Vest,Brookesbie,11/1/1956,Female
17,8102184213,Cédula,Christine,,Wotton,Gallichan,12/22/1971,Female
18,6069586492,Cédula,Annabella,,Rissen,Delgaty,8/3/1987,Female
19,5061787218,Cédula,Brianna,Electra,Moorman,Scowcraft,7/28/1973,Female
20,7869132977,Cédula,Kristoforo,,Pizzey,Van de Velde,11/3/1994,Male
21,1814318623,Cédula,Rodie,Susette,Garley,Sparham,12/14/1964,Female
22,2884986782,Cédula,Clemmie,,Goathrop,Dungate,1/18/1999,Female
23,9899198439,Cédula,Eula,Deidre,Perazzo,Belf,9/29/1934,Female
24,7315520805,Cédula,Trish,,Yakunikov,Celiz,2/5/1982,Female
25,3575655758,Cédula,Yehudi,,Choules,Southcott,1/14/1957,Male
26,7299755998,Cédula,Emmaline,,Georgius,Canete,5/24/1978,Female
27,2152389468,Cédula,Ario,Mikael,Nichol,Arrigo,7/7/1966,Male
28,6698747807,Cédula,Cilka,Kaye,Blenkin,Kermon,8/14/2005,Female
29,3897179601,Cédula,Kalina,,Amoss,Trenam,5/25/1935,Female
30,1434030121,Cédula,Harlene,,Berk,Polley,4/2/1975,Female
31,7380000586,Cédula,Alec,,Boyne,Waterdrinker,8/30/1955,Male
32,5639744901,Cédula,Muffin,Pansie,Scandrett,MacVean,10/28/1975,Female
33,4462959833,Cédula,Guenna,,Gentiry,Truluck,3/22/1962,Female
34,1591565804,Cédula,Gertrude,Karlene,Verrill,Perin,5/13/1992,Female
35,3851211391,Cédula,Lucho,,Goodale,Von Der Empten,12/27/1996,Male
36,6739817944,Cédula,Natalie,Pearline,Arrundale,Falkingham,4/18/1997,Female
37,6120305777,Cédula,Tedman,,Elton,Scapelhorn,4/21/1977,Male
38,1004438443,Cédula,Cece,,Drayn,Cicchinelli,5/3/2003,Male
39,9364326008,Cédula,Turner,,Baudain,Hakeworth,2/23/1949,Male
40,7720576098,Cédula,Ulrikaumeko,Vannie,Hearmon,Lauridsen,1/13/1939,Female
41,6597436725,Cédula,Jeannette,Yolande,Beynke,Boothby,7/28/2007,Female
42,8299145937,Cédula,Hayes,,Petris,Vedishchev,3/25/1979,Male
43,0637653661,Cédula,Tasia,,Mosson,Aberchirder,4/27/1996,Female
44,1361875216,Cédula,Aldwin,,Knightley,Duffitt,12/15/1935,Male
45,2208080688,Cédula,Shanta,Kala,Farryn,Rentalll,6/3/1944,Female
46,9281392356,Cédula,Thornton,Geoffry,Courtin,Blunderfield,7/11/1972,Male
47,0321404971,Cédula,Ferrel,Bradly,Gilstoun,Winney,1/20/1972,Male
48,1979749132,Cédula,Rabbi,,Scotchmore,Elcom,4/21/1979,Male
49,2255810670,Cédula,Blanca,Eden,Pidler,Apedaile,5/15/1932,Female
50,7323692296,Cédula,Giuditta,Orly,Ferenczi,McCarty,6/26/1998,Female
51,6212278407,Pasaporte,Oriana,,Barme,Lurner,11/2/1950,Female
52,4586239115,Cédula,Xylia,,Skate,Febre,2/4/1991,Female
53,8988498097,Cédula,Dale,Katerine,Edmeads,Eberle,2/16/1973,Female
54,4922763910,Cédula,Rhodie,,Iscowitz,Poulden,3/28/1938,Female
55,2657227694,Cédula,Alex,,Josefovic,Tetther,7/10/1993,Male
56,4638931154,Cédula,Emeline,Melodee,Cheale,Doonican,1/17/1933,Female
57,4699299628,Cédula,Gilly,,Ambrozik,Prisley,9/24/1958,Female
58,7747933169,Cédula,Genvieve,Rosamond,Birchill,Furley,2/16/1994,Female
59,8701280384,Cédula,Claribel,,Hutchison,Dumbreck,12/5/1992,Female
60,1856361195,Cédula,Dorie,,Brient,Congreve,2/21/1991,Male
61,4418761535,Cédula,Reginald,Abba,Manifould,Penticost,11/29/1973,Male
62,4920859244,Cédula,Meghan,Petronille,Grimshaw,Iveson,2/24/1971,Female
63,9010218392,Cédula,Winny,Krystyna,Avrahamoff,Walesa,1/14/1949,Female
64,2335857363,Cédula,Basia,,Valentin,Whittlesee,10/8/1942,Female
65,1118803620,Cédula,Melisa,Priscilla,Joicey,Markovich,9/20/1957,Female
66,4185842589,Cédula,Perry,,Shayes,Creak,8/27/1948,Male
67,1498466273,Cédula,Katuscha,,Dunn,Worviell,2/23/1944,Female
68,7982753035,Cédula,Morgana,,Brosetti,Stainland,11/22/1953,Female
69,5513924617,Cédula,Aura,,Bottlestone,Klaffs,8/11/1958,Female
70,2596272067,Cédula,Kimbell,Giff,Borel,Masic,7/26/1963,Male
71,8471762706,Cédula,Ruben,,Plesing,MacMenemy,11/29/1946,Male
72,1407735128,Cédula,Ronnie,,Rengger,Croll,7/23/1932,Male
73,1243704586,Cédula,Ezekiel,,Ghidetti,Fairburn,8/15/1990,Male
74,8483009749,Cédula,Marja,,Couling,Kelly,6/2/1995,Female
75,9346048387,Cédula,Melesa,Lucienne,Beck,Kerwood,7/17/1948,Female
76,7273550205,Cédula,Lotte,,Lower,Davey,8/26/1950,Female
77,2937443737,Cédula,Allin,Bowie,Flaherty,Hearl,7/29/1997,Male
78,0066648521,Cédula,Taddeo,Laurent,Dabling,Litster,3/7/1936,Male
79,2233989627,Cédula,Agnese,Katine,Luckey,Binstead,11/26/1961,Female
80,3950721088,Cédula,Liesa,,Mathivon,Ingray,9/25/1971,Female
81,3445134944,Cédula,Josiah,,Harhoff,Pyrton,5/30/1969,Male
82,8784032774,Cédula,Giulio,Francklyn,Jolliffe,Ibert,1/25/1974,Male
83,5785875837,Cédula,Nerita,Janeva,Sturdey,Fotherby,7/7/1952,Female
84,2690836378,Cédula,Benny,Beverlee,Stidever,Merrill,9/19/2004,Female
85,2132664390,Cédula,Micheal,,Hacquel,Lovelock,7/31/1973,Male
86,2623772010,Cédula,Evie,Lela,Kerswill,McGowran,10/23/1951,Female
87,2256157466,Cédula,Catriona,Harmonie,Chang,Grint,10/12/1996,Female
88,1626848513,Cédula,Kelcy,Danyette,Rainer,Trow,10/26/1984,Female
89,8540402394,Cédula,Drusie,Bell,Streets,Eslinger,4/7/1988,Female
90,7129396385,Cédula,Robb,Hi,Marquiss,Drinkale,5/2/1987,Male
91,5246657655,Cédula,Betti,Vally,Gabotti,Trevains,3/28/1997,Female
92,1277029350,Cédula,Reggis,,Slingsby,Rymell,10/11/1981,Male
93,7228279972,Cédula de extranjería,Zebulon,Nappie,Aleksankov,Fleet,8/19/1932,Male
94,3543118293,Cédula,Armando,,Shotton,Winchcomb,3/13/1968,Male
95,2316259995,Cédula,Allsun,Sofie,Cabrera,Overstone,11/10/1932,Female
96,5202981295,Cédula,Sanderson,Beaufort,Chuter,MacKnight,2/4/1947,Male
97,2004385014,Cédula,Catie,,Dagworthy,Christensen,6/26/1973,Female
98,8737046381,Cédula,Iver,Peyter,Hazelgreave,Coorington,8/21/1964,Male
99,8802608962,Tarjeta de identidad,Sibel,,Colthard,Yegorovnin,1/2/1983,Female
100,9127642712,Cédula,Renee,,Cristoforo,Zecchii,8/10/1931,Female
